gene,position,aa
CA,8,R
CA,10,I
CA,28,K
CA,29,K
CA,35,K
CA,46,R
CA,46,K
CA,46,E
CA,51,N
CA,60,R
CA,60,K
CA,60,E
CA,61,R
CA,71,K
CA,75,K
CA,76,K
CA,79,K
CA,81,N
CA,82,K
CA,89,R
CA,89,K
CA,89,E
CA,97,K
CA,98,K
CA,100,K
CA,101,R
CA,101,K
CA,101,E
CA,103,N
CA,106,R
CA,106,K
CA,106,E
CA,113,K
CA,116,R
CA,116,K
CA,116,E
CA,127,R
CA,127,K
CA,127,E
CA,128,K
CA,137,R
CA,137,K
CA,137,E
CA,143,K
CA,152,N
CA,156,R
CA,156,K
CA,156,E
CA,159,K
CA,162,K
CA,163,N
CA,166,N
CA,167,Q
CA,173,K
CA,175,K
CA,180,K
CA,185,I
CA,187,K
CA,197,N
CA,206,R
CA,206,K
CA,206,E
CA,212,K
CA,213,K
CA,214,I
CA,215,I
CA,220,R
CA,220,K
CA,220,E
CA,222,R
CA,222,K
CA,222,E
CA,223,R
CA,223,K
CA,223,E
CA,229,K
PR,6,*
PR,16,K
PR,17,K
PR,17,S
PR,25,N
PR,27,E
PR,27,K
PR,27,R
PR,29,N
PR,40,E
PR,40,K
PR,40,R
PR,40,S
PR,42,*
PR,48,K
PR,48,R
PR,49,K
PR,49,R
PR,51,E
PR,51,K
PR,51,R
PR,51,S
PR,52,E
PR,52,K
PR,52,R
PR,52,S
PR,68,K
PR,68,R
PR,68,S
PR,73,E
PR,73,K
PR,73,R
PR,78,E
PR,78,K
PR,78,R
PR,86,E
PR,86,K
PR,86,R
PR,86,S
PR,87,Q
PR,94,E
PR,94,K
PR,94,R
PR,94,S
RT,15,K
RT,15,R
RT,15,S
RT,16,I
RT,18,E
RT,18,K
RT,18,R
RT,18,S
RT,24,*
RT,41,I
RT,42,K
RT,45,K
RT,45,R
RT,45,S
RT,51,E
RT,51,K
RT,51,R
RT,51,S
RT,53,K
RT,71,*
RT,72,K
RT,78,K
RT,79,K
RT,88,*
RT,89,K
RT,93,E
RT,93,K
RT,93,R
RT,93,S
RT,99,E
RT,99,K
RT,99,R
RT,99,S
RT,110,N
RT,112,E
RT,112,K
RT,112,R
RT,112,S
RT,141,E
RT,141,K
RT,141,R
RT,152,E
RT,152,K
RT,152,R
RT,152,S
RT,153,*
RT,155,E
RT,155,K
RT,155,R
RT,155,S
RT,185,N
RT,186,N
RT,190,K
RT,190,R
RT,212,*
RT,213,E
RT,213,K
RT,213,R
RT,213,S
RT,229,*
RT,231,E
RT,231,K
RT,231,R
RT,231,S
RT,233,K
RT,239,*
RT,252,*
RT,256,N
RT,262,K
RT,262,R
RT,266,*
RT,273,E
RT,273,K
RT,285,E
RT,285,K
RT,285,R
RT,302,K
RT,305,K
RT,316,E
RT,316,K
RT,316,R
RT,333,K
RT,333,R
RT,335,K
RT,335,R
RT,337,*
RT,344,K
RT,352,E
RT,352,K
RT,352,R
RT,364,N
RT,370,K
RT,378,K
RT,383,*
RT,384,E
RT,384,K
RT,384,R
RT,384,S
RT,396,K
RT,398,*
RT,401,*
RT,402,*
RT,404,K
RT,406,*
RT,410,*
RT,413,K
RT,414,*
RT,415,K
RT,426,*
RT,430,K
RT,432,K
RT,436,K
RT,438,K
RT,443,N
RT,444,E
RT,444,K
RT,444,R
RT,449,K
RT,453,E
RT,453,K
RT,453,R
RT,453,S
RT,456,E
RT,456,K
RT,456,R
RT,462,E
RT,462,K
RT,462,R
RT,471,K
RT,478,K
RT,490,R
RT,498,N
RT,504,E
RT,504,K
RT,504,R
RT,511,N
RT,514,K
RT,523,K
RT,535,*
RT,541,E
RT,541,K
RT,541,R
RT,543,E
RT,543,K
RT,543,R
RT,544,E
RT,544,K
RT,544,R
RT,544,S
RT,549,N
RT,555,E
RT,555,K
RT,555,R
RT,557,K
IN,3,N
IN,4,E
IN,4,K
IN,4,R
IN,10,K
IN,11,K
IN,13,K
IN,19,*
IN,25,N
IN,35,K
IN,47,E
IN,47,K
IN,47,R
IN,48,K
IN,52,E
IN,52,K
IN,52,R
IN,55,N
IN,59,K
IN,59,R
IN,61,*
IN,64,N
IN,69,K
IN,70,K
IN,70,R
IN,82,E
IN,82,K
IN,82,R
IN,82,S
IN,85,K
IN,87,K
IN,92,K
IN,94,E
IN,94,K
IN,94,R
IN,96,K
IN,106,E
IN,106,K
IN,106,R
IN,107,K
IN,108,*
IN,116,N
IN,118,E
IN,118,K
IN,118,S
IN,131,*
IN,132,*
IN,140,E
IN,140,K
IN,149,E
IN,149,K
IN,149,R
IN,152,K
IN,157,K
IN,166,K
IN,167,N
IN,170,K
IN,178,I
IN,189,E
IN,189,K
IN,190,E
IN,190,K
IN,190,R
IN,192,E
IN,192,K
IN,192,R
IN,193,K
IN,197,E
IN,197,K
IN,197,R
IN,198,K
IN,199,K
IN,202,N
IN,224,Q
IN,228,K
IN,229,N
IN,235,*
IN,237,E
IN,237,K
IN,237,R
IN,243,*
IN,245,S
IN,246,K
IN,247,E
IN,247,K
IN,247,R
IN,253,N
IN,256,N
IN,262,K
IN,272,K
IN,272,R
IN,272,S
IN,277,E
IN,277,K
IN,287,K
