strain,gene,drugClass,position,aas,mutationType,isUnusual
HIV1,RT,NRTI,40,F,NRTI,False
HIV1,RT,NRTI,41,L,NRTI,False
HIV1,RT,NRTI,41,I,Other,False
HIV1,RT,NRTI,44,AD,NRTI,False
HIV1,RT,NRTI,62,V,NRTI,False
HIV1,RT,NRTI,65,ACDFGHILMPQSTVWY_-,NRTI,True
HIV1,RT,NRTI,65,E,NRTI,False
HIV1,RT,NRTI,65,N,NRTI,False
HIV1,RT,NRTI,65,R,NRTI,False
HIV1,RT,NRTI,67,-,NRTI,False
HIV1,RT,NRTI,67,ACFIKLMPQRVWY_,NRTI,True
HIV1,RT,NRTI,67,GESTH,NRTI,False
HIV1,RT,NRTI,67,N,NRTI,False
HIV1,RT,NRTI,68,-,NRTI,False
HIV1,RT,NRTI,68,G,NRTI,False
HIV1,RT,NRTI,68,N,NRTI,False
HIV1,RT,NRTI,68,R,NRTI,False
HIV1,RT,NRTI,69,-,NRTI,False
HIV1,RT,NRTI,69,D,NRTI,False
HIV1,RT,NRTI,69,G,NRTI,False
HIV1,RT,NRTI,69,_,NRTI,False
HIV1,RT,NRTI,69,CFHKLMPQRVWY,Other,True
HIV1,RT,NRTI,69,N,Other,False
HIV1,RT,NRTI,69,SAIE,Other,False
HIV1,RT,NRTI,70,-,NRTI,False
HIV1,RT,NRTI,70,ACDFHILMPVWY_,NRTI,True
HIV1,RT,NRTI,70,EGQNST,NRTI,False
HIV1,RT,NRTI,70,R,NRTI,False
HIV1,RT,NRTI,74,ACDEFGHKMNPQRSTWY_-,NRTI,True
HIV1,RT,NRTI,74,VI,NRTI,False
HIV1,RT,NRTI,75,I,NRTI,False
HIV1,RT,NRTI,75,MTAS,NRTI,False
HIV1,RT,NRTI,75,CDEFGHKNPQRWY_-,Other,True
HIV1,RT,NRTI,77,L,NRTI,False
HIV1,RT,NRTI,77,ACDEGHIKMNPQRSTVWY_-,Other,True
HIV1,RT,NRTI,115,F,NRTI,False
HIV1,RT,NRTI,115,ACDEGHIKLMNPQRSTVW_-,Other,True
HIV1,RT,NRTI,116,Y,NRTI,False
HIV1,RT,NRTI,116,ACDEGHIKLMNPQRSTVW_-,Other,True
HIV1,RT,NRTI,118,I,Other,False
HIV1,RT,NRTI,151,L,NRTI,False
HIV1,RT,NRTI,151,M,NRTI,False
HIV1,RT,NRTI,151,ACDEFGHIKNPRSTVWY_-,Other,True
HIV1,RT,NRTI,184,ACDEFGHKLNPQRSTWY_-,NRTI,True
HIV1,RT,NRTI,184,VI,NRTI,False
HIV1,RT,NRTI,210,W,NRTI,False
HIV1,RT,NRTI,215,GHKMPQRW_-,NRTI,True
HIV1,RT,NRTI,215,SCDEIVALN,NRTI,False
HIV1,RT,NRTI,215,YF,NRTI,False
HIV1,RT,NRTI,219,EQNR,NRTI,False
HIV1,RT,NRTI,219,W,NRTI,False
HIV1,RT,NRTI,219,ACDFGHILMPSTVY_-,Other,True
HIV1,RT,NNRTI,90,I,Other,False
HIV1,RT,NNRTI,98,G,NNRTI,False
HIV1,RT,NNRTI,100,ACDEFGHKMNPQRSTWY_-,NNRTI,True
HIV1,RT,NNRTI,100,I,NNRTI,False
HIV1,RT,NNRTI,100,V,NNRTI,False
HIV1,RT,NNRTI,101,E,NNRTI,False
HIV1,RT,NNRTI,101,H,NNRTI,False
HIV1,RT,NNRTI,101,P,NNRTI,False
HIV1,RT,NNRTI,101,CDFGILMSVWY_-,Other,True
HIV1,RT,NNRTI,101,NAT,Other,False
HIV1,RT,NNRTI,101,Q,Other,False
HIV1,RT,NNRTI,103,ACDFGILMPVWY_-,NNRTI,True
HIV1,RT,NNRTI,103,EQ,NNRTI,False
HIV1,RT,NNRTI,103,H,NNRTI,False
HIV1,RT,NNRTI,103,N,NNRTI,False
HIV1,RT,NNRTI,103,S,NNRTI,False
HIV1,RT,NNRTI,103,T,NNRTI,False
HIV1,RT,NNRTI,103,R,Other,False
HIV1,RT,NNRTI,106,A,NNRTI,False
HIV1,RT,NNRTI,106,I,NNRTI,False
HIV1,RT,NNRTI,106,M,NNRTI,False
HIV1,RT,NNRTI,106,CDEFGHKLNPQRSTWY_-,Other,True
HIV1,RT,NNRTI,108,I,NNRTI,False
HIV1,RT,NNRTI,108,ACDEFGHKLMNPQRSTWY_-,Other,True
HIV1,RT,NNRTI,132,ML,Other,False
HIV1,RT,NNRTI,138,A,NNRTI,False
HIV1,RT,NNRTI,138,K,NNRTI,False
HIV1,RT,NNRTI,138,QG,NNRTI,False
HIV1,RT,NNRTI,138,R,NNRTI,False
HIV1,RT,NNRTI,138,CDFHILMNPSTVWY_-,Other,True
HIV1,RT,NNRTI,179,DE,NNRTI,False
HIV1,RT,NNRTI,179,F,NNRTI,False
HIV1,RT,NNRTI,179,L,NNRTI,False
HIV1,RT,NNRTI,179,T,NNRTI,False
HIV1,RT,NNRTI,179,ACGHKMNPQRSWY_-,Other,True
HIV1,RT,NNRTI,179,I,Other,False
HIV1,RT,NNRTI,181,ADEHKLMNPQRTW_-,NNRTI,True
HIV1,RT,NNRTI,181,C,NNRTI,False
HIV1,RT,NNRTI,181,FSG,NNRTI,False
HIV1,RT,NNRTI,181,IV,NNRTI,False
HIV1,RT,NNRTI,188,ADEGIKMNPQRSTVW_-,NNRTI,True
HIV1,RT,NNRTI,188,C,NNRTI,False
HIV1,RT,NNRTI,188,F,NNRTI,False
HIV1,RT,NNRTI,188,H,NNRTI,False
HIV1,RT,NNRTI,188,L,NNRTI,False
HIV1,RT,NNRTI,190,A,NNRTI,False
HIV1,RT,NNRTI,190,CTV,NNRTI,False
HIV1,RT,NNRTI,190,DFHIKLMNPWY_-,NNRTI,True
HIV1,RT,NNRTI,190,EQ,NNRTI,False
HIV1,RT,NNRTI,190,S,NNRTI,False
HIV1,RT,NNRTI,190,R,Other,False
HIV1,RT,NNRTI,221,Y,NNRTI,False
HIV1,RT,NNRTI,225,H,NNRTI,False
HIV1,RT,NNRTI,225,ACDEFGIKLMNQRSTVWY_-,Other,True
HIV1,RT,NNRTI,227,C,NNRTI,False
HIV1,RT,NNRTI,227,ILV,NNRTI,False
HIV1,RT,NNRTI,227,ADEGHKMNPQRSTWY_-,Other,True
HIV1,RT,NNRTI,230,I,NNRTI,False
HIV1,RT,NNRTI,230,L,NNRTI,False
HIV1,RT,NNRTI,230,ACDEFGHKNPQRSTVWY_-,Other,True
HIV1,RT,NNRTI,234,I,NNRTI,False
HIV1,RT,NNRTI,234,ACDEFGHKMNPQRSTWY_-,Other,True
HIV1,RT,NNRTI,236,L,NNRTI,False
HIV1,RT,NNRTI,236,ACDEFGHIKMNQRSTVWY_-,Other,True
HIV1,RT,NNRTI,238,TN,NNRTI,False
HIV1,RT,NNRTI,238,ACDEFGHILMPQSVWY_-,Other,True
HIV1,RT,NNRTI,238,R,Other,False
HIV1,RT,NNRTI,318,F,NNRTI,False
HIV1,RT,NNRTI,318,ACDEGHIKLMNPQRSTVW_-,Other,True
HIV1,RT,NNRTI,348,I,NNRTI,False
HIV1,RT,NNRTI,348,ACDEFGHKLMPQRSTVWY_-,Other,True
HIV1,PR,PI,10,F,Accessory,False
HIV1,PR,PI,10,ACDEGHKMNPQSTW_-,Other,True
HIV1,PR,PI,10,IV,Other,False
HIV1,PR,PI,10,RY,Other,False
HIV1,PR,PI,11,IL,Other,False
HIV1,PR,PI,20,T,Accessory,False
HIV1,PR,PI,20,I,Other,False
HIV1,PR,PI,20,MV,Other,False
HIV1,PR,PI,20,R,Other,False
HIV1,PR,PI,23,I,Accessory,False
HIV1,PR,PI,24,FM,Accessory,False
HIV1,PR,PI,24,I,Accessory,False
HIV1,PR,PI,24,ACDEGHKNPQRSTVWY_-,Other,True
HIV1,PR,PI,30,N,Major,False
HIV1,PR,PI,30,ACEFGHIKLMPQRSTVWY_-,Other,True
HIV1,PR,PI,32,I,Major,False
HIV1,PR,PI,32,ACDEFGHKLMNPQRSTWY_-,Accessory,True
HIV1,PR,PI,33,F,Accessory,False
HIV1,PR,PI,33,IV,Other,False
HIV1,PR,PI,33,_,Other,False
HIV1,PR,PI,34,_,Other,True
HIV1,PR,PI,35,_,Other,False
HIV1,PR,PI,36,_,Other,False
HIV1,PR,PI,37,_,Other,False
HIV1,PR,PI,38,_,Other,True
HIV1,PR,PI,39,_,Other,True
HIV1,PR,PI,40,_,Other,True
HIV1,PR,PI,41,_,Other,True
HIV1,PR,PI,43,T,Accessory,False
HIV1,PR,PI,46,IL,Major,False
HIV1,PR,PI,46,ACDEFGHKNPQRSTWY_-,Accessory,True
HIV1,PR,PI,46,V,Accessory,False
HIV1,PR,PI,47,A,Major,False
HIV1,PR,PI,47,V,Major,False
HIV1,PR,PI,47,CDEFGHKLMNPQRSTWY_-,Accessory,True
HIV1,PR,PI,48,ASTQL,Major,False
HIV1,PR,PI,48,M,Major,False
HIV1,PR,PI,48,V,Major,False
HIV1,PR,PI,48,CDEFHIKNPRWY_-,Accessory,True
HIV1,PR,PI,50,L,Major,False
HIV1,PR,PI,50,V,Major,False
HIV1,PR,PI,50,ACDEFGHKMNPQRSTWY_-,Accessory,True
HIV1,PR,PI,53,LY,Accessory,False
HIV1,PR,PI,54,ATS,Major,False
HIV1,PR,PI,54,LM,Major,False
HIV1,PR,PI,54,V,Major,False
HIV1,PR,PI,54,CDEFGHKNPQRWY_-,Other,True
HIV1,PR,PI,58,E,Accessory,False
HIV1,PR,PI,71,IL,Other,False
HIV1,PR,PI,71,TV,Other,False
HIV1,PR,PI,73,EFHIKLMNPQRWY_-,Accessory,True
HIV1,PR,PI,73,STCADV,Accessory,False
HIV1,PR,PI,74,P,Accessory,False
HIV1,PR,PI,74,S,Other,False
HIV1,PR,PI,76,V,Major,False
HIV1,PR,PI,76,ACDEFGHIKMNPQRSTWY_-,Other,True
HIV1,PR,PI,82,A,Major,False
HIV1,PR,PI,82,C,Major,False
HIV1,PR,PI,82,F,Major,False
HIV1,PR,PI,82,L,Major,False
HIV1,PR,PI,82,M,Major,False
HIV1,PR,PI,82,TS,Major,False
HIV1,PR,PI,82,DEGHKNPQRWY_-,Accessory,True
HIV1,PR,PI,82,I,Other,False
HIV1,PR,PI,83,D,Accessory,False
HIV1,PR,PI,84,AC,Major,False
HIV1,PR,PI,84,V,Major,False
HIV1,PR,PI,84,DEFGHKLMNPQRSTWY_-,Accessory,True
HIV1,PR,PI,85,V,Other,False
HIV1,PR,PI,88,S,Major,False
HIV1,PR,PI,88,TG,Major,False
HIV1,PR,PI,88,D,Accessory,False
HIV1,PR,PI,88,ACEFHIKLMPQRVWY_-,Other,True
HIV1,PR,PI,89,VT,Accessory,False
HIV1,PR,PI,90,M,Major,False
HIV1,PR,PI,90,ACDEFGHIKNPQRSTVWY_-,Other,True
HIV1,IN,INSTI,49,G,Accessory,False
HIV1,IN,INSTI,50,I,Other,False
HIV1,IN,INSTI,51,Y,Accessory,False
HIV1,IN,INSTI,51,ACDEFGIKLMNPQRSTVW_-,Other,True
HIV1,IN,INSTI,66,A,Major,False
HIV1,IN,INSTI,66,CDEFGHLMNPQRSVWY_-,Major,True
HIV1,IN,INSTI,66,I,Major,False
HIV1,IN,INSTI,66,K,Major,False
HIV1,IN,INSTI,74,MF,Accessory,False
HIV1,IN,INSTI,74,I,Other,False
HIV1,IN,INSTI,92,ACDFHIKLMNPRSTWY_-,Major,True
HIV1,IN,INSTI,92,GV,Major,False
HIV1,IN,INSTI,92,Q,Major,False
HIV1,IN,INSTI,95,K,Accessory,False
HIV1,IN,INSTI,97,A,Accessory,False
HIV1,IN,INSTI,118,R,Major,False
HIV1,IN,INSTI,118,ACDEFHIKLMNPQSTVWY_-,Other,True
HIV1,IN,INSTI,119,R,Other,False
HIV1,IN,INSTI,121,C,Major,False
HIV1,IN,INSTI,121,Y,Major,False
HIV1,IN,INSTI,121,ACDEGHIKLMNPQRSTVW_-,Other,True
HIV1,IN,INSTI,128,T,Accessory,False
HIV1,IN,INSTI,138,KAT,Major,False
HIV1,IN,INSTI,138,CFGHILMNPQRSVWY_-,Other,True
HIV1,IN,INSTI,138,D,Other,False
HIV1,IN,INSTI,140,R,Major,True
HIV1,IN,INSTI,140,SAC,Major,False
HIV1,IN,INSTI,140,DEFHIKLMNPQTVWY_-,Accessory,True
HIV1,IN,INSTI,142,T,Accessory,False
HIV1,IN,INSTI,143,CR,Major,False
HIV1,IN,INSTI,143,DEFILMNPQTVW_-,Major,True
HIV1,IN,INSTI,143,H,Major,False
HIV1,IN,INSTI,143,KGSA,Major,False
HIV1,IN,INSTI,145,S,Major,False
HIV1,IN,INSTI,145,ACDEFGHIKLMNQRTVWY_-,Accessory,True
HIV1,IN,INSTI,146,PRL,Major,False
HIV1,IN,INSTI,146,ACDEFGHIKMNSTVWY_-,Accessory,True
HIV1,IN,INSTI,147,ACDEFHIKLMNPQRTVWY_-,Major,True
HIV1,IN,INSTI,147,G,Major,False
HIV1,IN,INSTI,148,ACDEFGILMPSTVWY_-,Major,True
HIV1,IN,INSTI,148,HKR,Major,False
HIV1,IN,INSTI,148,N,Major,False
HIV1,IN,INSTI,149,A,Accessory,False
HIV1,IN,INSTI,151,L,Major,False
HIV1,IN,INSTI,151,A,Accessory,False
HIV1,IN,INSTI,151,CDEFGHKMNPQRSTWY_-,Other,True
HIV1,IN,INSTI,151,I,Other,False
HIV1,IN,INSTI,153,YFA,Accessory,False
HIV1,IN,INSTI,153,CDEGHIKLMNPQRTVW_-,Other,True
HIV1,IN,INSTI,155,ACDEFGIKLMPQRVWY_-,Major,True
HIV1,IN,INSTI,155,H,Major,False
HIV1,IN,INSTI,155,ST,Major,False
HIV1,IN,INSTI,157,Q,Accessory,False
HIV1,IN,INSTI,163,RK,Accessory,False
HIV1,IN,INSTI,230,R,Accessory,False
HIV1,IN,INSTI,230,N,Other,False
HIV1,IN,INSTI,232,N,Accessory,False
HIV1,IN,INSTI,263,K,Major,False
HIV1,IN,INSTI,263,ACDEFGHILMNPQSTVWY_-,Other,True
HIV1,CA,CAI,56,I,Major,False
HIV1,CA,CAI,66,I,Major,False
HIV1,CA,CAI,67,Y,Major,False
HIV1,CA,CAI,67,H,Major,False
HIV1,CA,CAI,70,N,Major,False
HIV1,CA,CAI,74,D,Major,False
HIV1,CA,CAI,74,S,Major,False
HIV1,CA,CAI,105,E,Major,False
HIV1,CA,CAI,107,N,Major,False
