drug_class,gene,position,aa
CAI,CA,56,I
CAI,CA,66,I
CAI,CA,67,Y
CAI,CA,67,H
CAI,CA,70,N
CAI,CA,74,D
CAI,CA,74,S
CAI,CA,105,E
CAI,CA,107,N
PI,PR,10,F
PI,PR,11,I
PI,PR,11,L
PI,PR,20,T
PI,PR,23,I
PI,PR,24,F
PI,PR,24,I
PI,PR,24,M
PI,PR,30,N
PI,PR,32,I
PI,PR,33,F
PI,PR,43,T
PI,PR,46,I
PI,PR,46,L
PI,PR,46,V
PI,PR,47,A
PI,PR,47,V
PI,PR,48,A
PI,PR,48,L
PI,PR,48,M
PI,PR,48,Q
PI,PR,48,S
PI,PR,48,T
PI,PR,48,V
PI,PR,50,L
PI,PR,50,V
PI,PR,53,L
PI,PR,54,A
PI,PR,54,L
PI,PR,54,M
PI,PR,54,S
PI,PR,54,T
PI,PR,54,V
PI,PR,58,E
PI,PR,73,A
PI,PR,73,C
PI,PR,73,D
PI,PR,73,S
PI,PR,73,T
PI,PR,73,V
PI,PR,74,P
PI,PR,76,V
PI,PR,82,A
PI,PR,82,C
PI,PR,82,F
PI,PR,82,L
PI,PR,82,M
PI,PR,82,S
PI,PR,82,T
PI,PR,83,D
PI,PR,84,A
PI,PR,84,C
PI,PR,84,V
PI,PR,88,D
PI,PR,88,G
PI,PR,88,S
PI,PR,88,T
PI,PR,89,V
PI,PR,90,M
NNRTI,RT,98,G
NNRTI,RT,100,I
NNRTI,RT,100,V
NNRTI,RT,101,E
NNRTI,RT,101,H
NNRTI,RT,101,P
NNRTI,RT,103,H
NNRTI,RT,103,N
NNRTI,RT,103,R
NNRTI,RT,103,S
NNRTI,RT,103,T
NNRTI,RT,106,A
NNRTI,RT,106,I
NNRTI,RT,106,M
NNRTI,RT,108,I
NNRTI,RT,138,A
NNRTI,RT,138,G
NNRTI,RT,138,K
NNRTI,RT,138,Q
NNRTI,RT,138,R
NNRTI,RT,179,D
NNRTI,RT,179,E
NNRTI,RT,179,F
NNRTI,RT,179,L
NNRTI,RT,179,T
NNRTI,RT,181,C
NNRTI,RT,181,F
NNRTI,RT,181,G
NNRTI,RT,181,I
NNRTI,RT,181,S
NNRTI,RT,181,V
NNRTI,RT,184,I
NNRTI,RT,188,C
NNRTI,RT,188,F
NNRTI,RT,188,H
NNRTI,RT,188,L
NNRTI,RT,190,A
NNRTI,RT,190,C
NNRTI,RT,190,E
NNRTI,RT,190,Q
NNRTI,RT,190,S
NNRTI,RT,190,T
NNRTI,RT,190,V
NNRTI,RT,221,Y
NNRTI,RT,225,H
NNRTI,RT,227,C
NNRTI,RT,227,I
NNRTI,RT,227,L
NNRTI,RT,227,V
NNRTI,RT,230,I
NNRTI,RT,230,L
NNRTI,RT,234,I
NNRTI,RT,236,L
NNRTI,RT,238,N
NNRTI,RT,238,T
NNRTI,RT,318,F
NNRTI,RT,348,I
NRTI,RT,40,F
NRTI,RT,41,L
NRTI,RT,44,A
NRTI,RT,44,D
NRTI,RT,62,V
NRTI,RT,65,E
NRTI,RT,65,N
NRTI,RT,65,R
NRTI,RT,67,-
NRTI,RT,67,E
NRTI,RT,67,G
NRTI,RT,67,H
NRTI,RT,67,N
NRTI,RT,67,S
NRTI,RT,67,T
NRTI,RT,68,-
NRTI,RT,68,G
NRTI,RT,68,N
NRTI,RT,68,R
NRTI,RT,69,-
NRTI,RT,69,D
NRTI,RT,69,G
NRTI,RT,69,_
NRTI,RT,70,-
NRTI,RT,70,E
NRTI,RT,70,G
NRTI,RT,70,N
NRTI,RT,70,Q
NRTI,RT,70,R
NRTI,RT,70,S
NRTI,RT,70,T
NRTI,RT,74,I
NRTI,RT,74,V
NRTI,RT,75,A
NRTI,RT,75,I
NRTI,RT,75,M
NRTI,RT,75,S
NRTI,RT,75,T
NRTI,RT,77,L
NRTI,RT,115,F
NRTI,RT,116,Y
NRTI,RT,151,L
NRTI,RT,151,M
NRTI,RT,184,I
NRTI,RT,184,V
NRTI,RT,210,W
NRTI,RT,215,A
NRTI,RT,215,C
NRTI,RT,215,D
NRTI,RT,215,E
NRTI,RT,215,F
NRTI,RT,215,I
NRTI,RT,215,L
NRTI,RT,215,N
NRTI,RT,215,S
NRTI,RT,215,V
NRTI,RT,215,Y
NRTI,RT,219,E
NRTI,RT,219,N
NRTI,RT,219,Q
NRTI,RT,219,R
NRTI,RT,219,W
INSTI,IN,51,Y
INSTI,IN,66,A
INSTI,IN,66,I
INSTI,IN,66,K
INSTI,IN,74,F
INSTI,IN,74,I
INSTI,IN,74,M
INSTI,IN,92,G
INSTI,IN,92,Q
INSTI,IN,92,V
INSTI,IN,95,K
INSTI,IN,97,A
INSTI,IN,118,R
INSTI,IN,121,C
INSTI,IN,121,Y
INSTI,IN,138,A
INSTI,IN,138,K
INSTI,IN,138,T
INSTI,IN,140,A
INSTI,IN,140,C
INSTI,IN,140,R
INSTI,IN,140,S
INSTI,IN,143,A
INSTI,IN,143,C
INSTI,IN,143,G
INSTI,IN,143,H
INSTI,IN,143,K
INSTI,IN,143,R
INSTI,IN,143,S
INSTI,IN,145,S
INSTI,IN,146,P
INSTI,IN,147,G
INSTI,IN,148,H
INSTI,IN,148,K
INSTI,IN,148,N
INSTI,IN,148,R
INSTI,IN,149,A
INSTI,IN,151,A
INSTI,IN,151,L
INSTI,IN,153,F
INSTI,IN,153,Y
INSTI,IN,155,H
INSTI,IN,155,S
INSTI,IN,155,T
INSTI,IN,157,Q
INSTI,IN,163,K
INSTI,IN,163,R
INSTI,IN,230,R
INSTI,IN,232,N
INSTI,IN,263,K
